Source,Target,Weight
run,life,4
family,crodie,4
god,freaky-ass,4
master,manipulator,3
talk,hate,3
money,power,2
talk,walk,2
play,have-you-ever,2
walk,hate,2
die,son,2
family,love,2
talk,dress,2
walk,dress,2
hate,dress,2
hate,woman,2
real,woman,2
rap,life,2
back,record,2
rap,battle,2
live,purpose,2
world,father,2
beat,mustard,2
run,atlanta,2
talk,neck,1
pull,coffin,1
pull,mouth,1
coffin,mouth,1
paranoid,threat,1
d-o-t,money,1
d-o-t,power,1
d-o-t,respect,1
money,respect,1
power,respect,1
goofies,check,1
hope,sentiment,1
hope,symbolic,1
sentiment,symbolic,1
temperament,bipolar,1
temperament,choose,1
bipolar,choose,1
temperament,violence,1
bipolar,violence,1
choose,violence,1
prove,problem,1
cliquing,legit,1
cliquing,water,1
legit,water,1
hope,sneak,1
hope,dis,1
sneak,dis,1
hope,first-person,1
sneak,first-person,1
dis,first-person,1
hope,shooter,1
sneak,shooter,1
dis,shooter,1
first-person,shooter,1
hope,switch,1
sneak,switch,1
dis,switch,1
first-person,switch,1
shooter,switch,1
hope,rap,1
crash,rap,1
sneak,diss,1
crash,diss,1
rap,diss,1
crash,melle,1
rap,melle,1
diss,melle,1
crash,mel,1
rap,mel,1
diss,mel,1
melle,mel,1
2teez,snatch,1
2teez,chain,1
snatch,chain,1
2teez,burn,1
snatch,burn,1
chain,burn,1
2teez,tattoo,1
snatch,tattoo,1
chain,tattoo,1
burn,tattoo,1
money,lose,1
lose,soldier,1
lose,play,1
soldier,play,1
lose,safe,1
soldier,safe,1
play,safe,1
good,walk,1
walk,stick,1
walk,andré,1
stick,andré,1
drop,location,1
drop,ptsd,1
location,ptsd,1
good,work,1
good,light,1
work,light,1
good,pack,1
work,pack,1
light,pack,1
prince,outlive,1
prince,mike,1
outlive,mike,1
prince,jack,1
outlive,jack,1
mike,jack,1
fore,dog,1
fore,bury,1
dog,bury,1
pet,sematary,1
eurt,tuoba,1
eurt,yas,1
tuoba,yas,1
eurt,yeht,1
tuoba,yeht,1
yas,yeht,1
eurt,gnihtyreve,1
tuoba,gnihtyreve,1
yas,gnihtyreve,1
yeht,gnihtyreve,1
power,super,1
power,neutralize,1
super,neutralize,1
power,watch,1
super,watch,1
neutralize,watch,1
power,silence,1
super,silence,1
neutralize,silence,1
watch,silence,1
paranoid,famous,1
good,famous,1
paranoid,actor,1
famous,actor,1
paranoid,spiral,1
famous,spiral,1
actor,spiral,1
move,degenerate,1
move,antic,1
degenerate,antic,1
move,feel,1
degenerate,feel,1
antic,feel,1
move,distasteful,1
degenerate,distasteful,1
antic,distasteful,1
feel,distasteful,1
calculate,predict,1
calculate,angle,1
predict,angle,1
fabricate,story,1
talk,family,1
safe,family,1
fabricate,family,1
story,family,1
fabricate,front,1
story,front,1
family,front,1
fabricate,hear,1
story,hear,1
family,hear,1
front,hear,1
fabricate,morale,1
story,morale,1
family,morale,1
front,morale,1
hear,morale,1
pathetic,master,1
pathetic,manipulator,1
pathetic,smell,1
master,smell,1
manipulator,smell,1
pathetic,tale,1
master,tale,1
manipulator,tale,1
smell,tale,1
hope,you'rе,1
rap,you'rе,1
hope,artist,1
rap,artist,1
you'rе,artist,1
hope,scam,1
rap,scam,1
you'rе,scam,1
artist,scam,1
hope,accеpted,1
rap,accеpted,1
you'rе,accеpted,1
artist,accеpted,1
scam,accеpted,1
tommy,hilfiger,1
family,stand,1
tommy,stand,1
hilfiger,stand,1
tommy,fubu,1
hilfiger,fubu,1
stand,fubu,1
tommy,collection,1
hilfiger,collection,1
stand,collection,1
fubu,collection,1
play,music,1
music,electrify,1
music,pacify,1
electrify,pacify,1
double,line,1
double,spare,1
line,spare,1
double,random,1
line,random,1
spare,random,1
double,act,1
line,act,1
spare,act,1
random,act,1
double,kindness,1
line,kindness,1
spare,kindness,1
random,kindness,1
act,kindness,1
master,habitual,1
manipulator,habitual,1
master,liar,1
manipulator,liar,1
habitual,liar,1
good,lie,1
hope,lie,1
smell,lie,1
artist,lie,1
family,truth,1
lie,truth,1
island,remote,1
reaper,reap,1
reaper,sow,1
reap,sow,1
benjamin,jackson,1
benjamin,house,1
jackson,house,1
benjamin,joe,1
jackson,joe,1
house,joe,1
hellcat,homeboys,1
power,type,1
hellcat,type,1
homeboys,type,1
good,sell,1
hellcat,sell,1
homeboys,sell,1
type,sell,1
hellcat,soul,1
homeboys,soul,1
type,soul,1
sell,soul,1
demon,chip,1
demon,throwaway,1
chip,throwaway,1
double,show,1
liar,show,1
walk,day,1
dog,day,1
show,day,1
famous,lame,1
show,lame,1
day,lame,1
money,fame,1
power,fame,1
walk,enemy,1
walk,poker,1
enemy,poker,1
walk,face,1
enemy,face,1
poker,face,1
play,pay,1
pay,hundred,1
pay,thou,1
hundred,thou,1
pay,open,1
hundred,open,1
thou,open,1
pay,case,1
hundred,case,1
thou,case,1
open,case,1
good,fail,1
hear,fail,1
good,straight,1
fail,straight,1
sneak,hate,1
diss,hate,1
big,hate,1
talk,rapper,1
hate,rapper,1
talk,gun,1
hate,gun,1
rapper,gun,1
talk,die,1
rap,die,1
hate,die,1
rapper,die,1
gun,die,1
talk,turn,1
hate,turn,1
rapper,turn,1
gun,turn,1
die,turn,1
talk,nun,1
hate,nun,1
rapper,nun,1
gun,nun,1
die,nun,1
turn,nun,1
hop,online,1
hop,pray,1
online,pray,1
hop,city,1
online,city,1
pray,city,1
hate,fake,1
hop,fake,1
online,fake,1
pray,fake,1
city,fake,1
hop,digital,1
online,digital,1
pray,digital,1
city,digital,1
fake,digital,1
hop,hug,1
online,hug,1
pray,hug,1
city,hug,1
fake,hug,1
digital,hug,1
daddy,killer,1
daddy,junior,1
killer,junior,1
daddy,forget,1
killer,forget,1
junior,forget,1
family,dementia,1
check,run,1
violence,run,1
family,run,1
dementia,run,1
family,shaky,1
dementia,shaky,1
run,shaky,1
hope,son,1
lie,son,1
park,son,1
safe,shoot,1
family,shoot,1
shoot,drac,1
double,homie,1
shoot,homie,1
drac,homie,1
shoot,aim,1
drac,aim,1
homie,aim,1
show,point,1
show,today,1
point,today,1
line,learn,1
show,learn,1
point,learn,1
today,learn,1
show,mistake,1
point,mistake,1
today,mistake,1
learn,mistake,1
double,ring,1
watch,god,1
double,god,1
liar,god,1
lie,god,1
truth,god,1
type,god,1
show,god,1
ring,god,1
play,ready,1
double,ready,1
have-you-ever,ready,1
ring,ready,1
god,ready,1
double,wage,1
ring,wage,1
god,wage,1
ready,wage,1
turn,canadian,1
turn,pac,1
canadian,pac,1
turn,grave,1
canadian,grave,1
pac,grave,1
cutthroat,business,1
cutthroat,twist,1
business,twist,1
work,hurt,1
work,feeling,1
hurt,feeling,1
hug,goat,1
hug,leave,1
goat,leave,1
hug,kiss,1
goat,kiss,1
leave,kiss,1
hug,stage,1
goat,stage,1
leave,stage,1
kiss,stage,1
talk,love,1
big,love,1
hate,love,1
love,death,1
love,bar,1
death,bar,1
love,explain,1
death,explain,1
bar,explain,1
love,phrase,1
death,phrase,1
bar,phrase,1
explain,phrase,1
talk,celly,1
language,barrier,1
lie,accent,1
sell,accent,1
cole,aubrey,1
cole,selfish,1
aubrey,selfish,1
cole,crown,1
aubrey,crown,1
selfish,crown,1
cole,heavy,1
aubrey,heavy,1
selfish,heavy,1
crown,heavy,1
hate,real,1
pray,real,1
daddy,real,1
pray,friend,1
real,friend,1
pray,ynw,1
real,ynw,1
friend,ynw,1
pray,melly,1
real,melly,1
friend,melly,1
ynw,melly,1
show,pop,1
pay,pop,1
die,pop,1
son,pop,1
real,pop,1
pop,pharrell,1
pop,inherit,1
pharrell,inherit,1
pop,beef,1
pharrell,beef,1
inherit,beef,1
good,push,1
line,push,1
learn,push,1
good,spin,1
push,spin,1
terrence,thornton,1
terrence,terence,1
thornton,terence,1
terrence,crawford,1
thornton,crawford,1
terence,crawford,1
terrence,foot,1
thornton,foot,1
terence,foot,1
crawford,foot,1
personal,friendly,1
personal,fade,1
friendly,fade,1
gunna,wunna,1
gunna,saint,1
wunna,saint,1
critic,gimmick,1
critic,great,1
gimmick,great,1
big,hater,1
hate,hater,1
love,hater,1
sneak,catch,1
diss,catch,1
hate,catch,1
sneak,flight,1
diss,flight,1
hate,flight,1
catch,flight,1
sneak,direct,1
diss,direct,1
hate,direct,1
catch,direct,1
flight,direct,1
hate,confuse,1
real,confuse,1
hate,themself,1
real,themself,1
confuse,themself,1
problem,woman,1
rap,woman,1
play,woman,1
feel,woman,1
stand,woman,1
music,woman,1
die,woman,1
pop,woman,1
confuse,woman,1
themself,woman,1
feel,notice,1
money,culture,1
feel,culture,1
notice,culture,1
story,fairytale,1
money,life,1
safe,life,1
walk,life,1
story,life,1
family,life,1
day,life,1
shoot,life,1
love,life,1
fairytale,life,1
feel,black,1
hate,black,1
woman,black,1
feel,feature,1
black,feature,1
play,finally,1
feel,finally,1
have-you-ever,finally,1
ready,finally,1
black,finally,1
feature,finally,1
story,drake,1
hear,drake,1
act,drake,1
act,melody,1
drake,melody,1
act,tough,1
drake,tough,1
melody,tough,1
good,bring,1
crash,bring,1
money,back,1
crash,back,1
lose,back,1
double,back,1
show,back,1
city,back,1
bring,back,1
crash,puff,1
bring,puff,1
back,puff,1
crash,chubbs,1
bring,chubbs,1
back,chubbs,1
puff,chubbs,1
core,audience,1
core,stomach,1
audience,stomach,1
fast,baow-baow-baow,1
good,headshot,1
walk,headshot,1
good,year,1
walk,year,1
headshot,year,1
good,daft,1
walk,daft,1
headshot,daft,1
year,daft,1
good,punk,1
walk,punk,1
headshot,punk,1
year,punk,1
daft,punk,1
play,top,1
extortion,middle,1
extortion,jump,1
middle,jump,1
extortion,plane,1
middle,plane,1
jump,plane,1
famous,allergic,1
lame,allergic,1
yachty,swag,1
yachty,hang,1
swag,hang,1
feature,surprise,1
feature,request,1
surprise,request,1
feature,address,1
surprise,address,1
request,address,1
hate,word,1
lose,guess,1
hate,guess,1
word,guess,1
guess,cringeworthy,1
family,deep,1
guess,deep,1
cringeworthy,deep,1
love,success,1
love,bless,1
success,bless,1
threat,dance,1
threat,wave,1
dance,wave,1
threat,hand,1
dance,hand,1
wave,hand,1
bro,call,1
rap,call,1
family,call,1
double,call,1
homie,call,1
life,call,1
call,boy,1
family,matter,1
truth,matter,1
matter,fact,1
family,bleed,1
ready,bleed,1
matter,bleed,1
fact,bleed,1
matter,bet,1
fact,bet,1
bleed,bet,1
stand,sexyy,1
stand,red,1
sexyy,red,1
money,bad,1
stand,bad,1
business,bad,1
sexyy,bad,1
red,bad,1
real,competition,1
pop,competition,1
woman,competition,1
good,speak,1
family,speak,1
double,speak,1
truth,speak,1
show,speak,1
god,speak,1
back,speak,1
double,percentage,1
show,percentage,1
back,percentage,1
speak,percentage,1
double,split,1
show,split,1
back,split,1
speak,split,1
percentage,split,1
cease,desist,1
cease,record,1
desist,record,1
rap,dirt,1
life,dirt,1
call,dirt,1
son,raise,1
hand,raise,1
walk,tool,1
day,tool,1
life,tool,1
watch,teach,1
daddy,teach,1
money,moral,1
culture,moral,1
teach,moral,1
lose,integrity,1
guess,integrity,1
teach,integrity,1
moral,integrity,1
teach,discipline,1
moral,discipline,1
integrity,discipline,1
heavy,listen,1
teach,listen,1
moral,listen,1
integrity,listen,1
discipline,listen,1
twenty-v-one,one-v-twenty,1
twenty-v-one,smack,1
one-v-twenty,smack,1
pop,write,1
twenty-v-one,write,1
one-v-twenty,write,1
smack,write,1
good,clean,1
bring,clean,1
good,beam,1
bring,beam,1
clean,beam,1
good,stay,1
bring,stay,1
clean,stay,1
beam,stay,1
die,battle,1
woman,battle,1
life,battle,1
battle,ghost,1
feel,joel,1
feel,osteen,1
joel,osteen,1
call,funny,1
call,film,1
funny,film,1
call,a.i,1
funny,a.i,1
film,a.i,1
coffin,blick,1
hear,ov-ho,1
ov-ho,dick,1
ov-ho,rider,1
dick,rider,1
violence,america,1
run,america,1
violence,imitate,1
run,imitate,1
america,imitate,1
violence,heritage,1
run,heritage,1
america,heritage,1
imitate,heritage,1
line,west,1
learn,west,1
push,west,1
line,coast,1
learn,coast,1
push,coast,1
west,coast,1
line,fine,1
learn,fine,1
push,fine,1
west,fine,1
coast,fine,1
remember,pick,1
three-hour,difference,1
talk,crodie,1
deep,crodie,1
bleed,crodie,1
speak,crodie,1
crodie,king,1
crodie,eat,1
king,eat,1
crodie,fry,1
king,fry,1
eat,fry,1
crodie,rice,1
king,rice,1
eat,rice,1
fry,rice,1
crodie,dip,1
king,dip,1
eat,dip,1
fry,dip,1
rice,dip,1
crodie,sauce,1
king,sauce,1
eat,sauce,1
fry,sauce,1
rice,sauce,1
dip,sauce,1
crodie,blammy,1
king,blammy,1
eat,blammy,1
fry,blammy,1
rice,blammy,1
dip,blammy,1
sauce,blammy,1
cheesing,fam,1
crodie,camera,1
remember,trust,1
pick,trust,1
wave,finger,1
wave,thump,1
finger,thump,1
punk,field,1
punk,goal,1
discipline,goal,1
field,goal,1
punk,punt,1
field,punt,1
goal,punt,1
punk,food,1
field,food,1
goal,food,1
punt,food,1
hate,industry,1
year,industry,1
pick,industry,1
show,stop,1
love,stop,1
off-white,sunseeker,1
off-white,marina,1
sunseeker,marina,1
phantom,buy,1
phantom,yacht,1
buy,yacht,1
phantom,fever,1
buy,fever,1
yacht,fever,1
wine,cool,1
wine,spill,1
cool,spill,1
wine,white,1
cool,white,1
spill,white,1
wine,t-shirt,1
cool,t-shirt,1
spill,t-shirt,1
white,t-shirt,1
wine,sightseer,1
cool,sightseer,1
spill,sightseer,1
white,sightseer,1
t-shirt,sightseer,1
money,trifecta,1
culture,trifecta,1
moral,trifecta,1
money,leisure,1
culture,leisure,1
moral,leisure,1
trifecta,leisure,1
show,visa,1
show,passport,1
visa,passport,1
show,tatted,1
face,tatted,1
visa,tatted,1
passport,tatted,1
show,ibiza,1
visa,ibiza,1
passport,ibiza,1
tatted,ibiza,1
lucalis,dwelling,1
lucalis,brooklyn,1
dwelling,brooklyn,1
lucalis,book,1
dwelling,book,1
brooklyn,book,1
lucalis,pizza,1
dwelling,pizza,1
brooklyn,pizza,1
book,pizza,1
lose,reach,1
type,reach,1
god,reach,1
guess,reach,1
integrity,reach,1
type,teleport,1
god,teleport,1
reach,teleport,1
type,freedom,1
god,freedom,1
reach,freedom,1
teleport,freedom,1
god,confession,1
rap,live,1
dog,live,1
day,live,1
die,live,1
shoot,live,1
love,live,1
woman,live,1
life,live,1
battle,live,1
opportunity,live,1
opportunity,loss,1
live,loss,1
business,fall,1
hand,fall,1
bad,fall,1
raise,fall,1
discover,fall,1
discover,short,1
fall,short,1
hand,sky,1
raise,sky,1
fall,sky,1
hand,fantasize,1
raise,fantasize,1
fall,fantasize,1
sky,fantasize,1
jump,planet,1
jump,immortalize,1
planet,immortalize,1
jump,correspond,1
planet,correspond,1
immortalize,correspond,1
watch,angel,1
life,child,1
child,sleep,1
child,prayer,1
sleep,prayer,1
child,close,1
sleep,close,1
prayer,close,1
pac,eye,1
child,eye,1
sleep,eye,1
prayer,eye,1
close,eye,1
love,peace,1
life,peace,1
live,peace,1
definition,peace,1
open,estelle,1
open,cover,1
estelle,cover,1
open,heart,1
estelle,heart,1
cover,heart,1
remember,pen,1
pick,pen,1
trust,pen,1
remember,lyric,1
pick,lyric,1
trust,lyric,1
pen,lyric,1
soul,timid,1
soul,stare,1
timid,stare,1
soul,mirror,1
timid,mirror,1
stare,mirror,1
power,cost,1
type,cost,1
shoot,circadian,1
live,circadian,1
shoot,rhythm,1
live,rhythm,1
circadian,rhythm,1
shoot,star,1
pop,star,1
write,star,1
live,star,1
circadian,star,1
rhythm,star,1
mannerism,raphael,1
mannerism,heal,1
raphael,heal,1
mannerism,art,1
raphael,art,1
heal,art,1
pick,cook,1
industry,cook,1
pick,carcass,1
industry,carcass,1
cook,carcass,1
lie,vibes,1
back,compromise,1
live,compromise,1
child,compromise,1
back,peel,1
compromise,peel,1
back,layer,1
compromise,layer,1
peel,layer,1
point,brownie,1
watch,beat,1
point,beat,1
god,beat,1
life,beat,1
brownie,beat,1
point,chest,1
brownie,chest,1
beat,chest,1
point,harass,1
brownie,harass,1
beat,harass,1
chest,harass,1
point,ant,1
brownie,ant,1
beat,ant,1
chest,ant,1
harass,ant,1
good,people,1
low,people,1
psst,people,1
good,bat,1
people,bat,1
dog,conspiracy,1
dog,cash,1
conspiracy,cash,1
dog,leak,1
push,leak,1
conspiracy,leak,1
cash,leak,1
find,jewel,1
find,kash,1
jewel,kash,1
find,doll,1
jewel,doll,1
kash,doll,1
work,ovo,1
hate,bully,1
fake,bully,1
death,bully,1
hate,terrible,1
fake,terrible,1
bully,terrible,1
hate,person,1
fake,person,1
raise,person,1
bully,person,1
terrible,person,1
hurt,inside,1
life,inside,1
call,inside,1
stay,inside,1
live,inside,1
child,inside,1
inside,team,1
inside,whisper,1
team,whisper,1
pay,deserve,1
pop,deserve,1
inside,deserve,1
team,deserve,1
whisper,deserve,1
toosie,slide,1
toosie,outta,1
slide,outta,1
toosie,resurface,1
slide,resurface,1
outta,resurface,1
rap,purpose,1
dog,purpose,1
day,purpose,1
die,purpose,1
woman,purpose,1
battle,purpose,1
money,fun,1
money,start,1
problem,start,1
woman,start,1
fun,start,1
money,street,1
fun,street,1
start,street,1
money,receipt,1
lose,receipt,1
back,receipt,1
love,bore,1
life,bore,1
live,bore,1
peace,bore,1
ready,war-ready,1
bleed,war-ready,1
ready,world,1
bleed,world,1
inside,world,1
war-ready,world,1
elohim,ktw,1
sleep,image,1
sleep,trouble,1
image,trouble,1
wire,circle,1
bad,puzzle,1
wire,puzzle,1
circle,puzzle,1
catch,street-smart,1
catch,entourage,1
street-smart,entourage,1
catch,hustle,1
street-smart,hustle,1
entourage,hustle,1
hundred,salary,1
twenty,casualty,1
practically,tire,1
practically,lifestyle,1
tire,lifestyle,1
good,game,1
homie,game,1
lose,lil,1
homie,lil,1
year,lil,1
industry,lil,1
game,lil,1
play,dirty,1
play,propaganda,1
dirty,propaganda,1
play,blow,1
dirty,blow,1
propaganda,blow,1
play,nerdy,1
play,zack,1
nerdy,zack,1
play,bia,1
nerdy,bia,1
zack,bia,1
play,twitter,1
nerdy,twitter,1
zack,twitter,1
bia,twitter,1
play,bot,1
nerdy,bot,1
zack,bot,1
bia,bot,1
twitter,bot,1
watch,hide,1
god,hide,1
pop,hide,1
hand,hide,1
write,hide,1
child,hide,1
star,hide,1
beat,hide,1
lil,hide,1
reality,hide,1
reality,wifi,1
hide,wifi,1
lose,meme,1
lil,meme,1
lose,steam,1
lil,steam,1
meme,steam,1
lose,figure,1
mike,figure,1
lil,figure,1
meme,figure,1
steam,figure,1
force,opinion,1
force,convince,1
opinion,convince,1
force,route,1
opinion,route,1
convince,route,1
master,dear,1
manipulator,dear,1
aubrey,dear,1
dear,adonis,1
play,father,1
inside,father,1
father,honest,1
dad,responsive,1
grandpa,wear,1
grandpa,condom,1
wear,condom,1
good,grow,1
stand,grow,1
mistake,grow,1
life,hard,1
beat,hard,1
real,challenge,1
life,challenge,1
beat,challenge,1
hard,challenge,1
house,home,1
life,home,1
call,home,1
beat,home,1
inside,home,1
deserve,home,1
hard,home,1
challenge,home,1
mistake,parent,1
grow,parent,1
mistake,affect,1
grow,affect,1
parent,affect,1
good,kid,1
hope,kid,1
family,kid,1
lie,kid,1
love,kid,1
hide,kid,1
good,leadership,1
kid,leadership,1
daddy,mentor,1
teach,mentor,1
son,piss,1
son,leg,1
piss,leg,1
feel,head,1
die,head,1
son,head,1
pop,head,1
business,escort,1
bad,escort,1
fall,escort,1
business,religion,1
bad,religion,1
fall,religion,1
escort,religion,1
black,code-switch,1
drop,wrong,1
black,wrong,1
code-switch,wrong,1
discipline,benefit,1
goal,benefit,1
discipline,push-ups,1
goal,push-ups,1
benefit,push-ups,1
daddy,cut,1
daddy,corner,1
cut,corner,1
daddy,ozempic,1
cut,ozempic,1
corner,ozempic,1
play,brazilian,1
pay,brazilian,1
play,gym,1
pay,gym,1
brazilian,gym,1
play,membership,1
pay,membership,1
brazilian,membership,1
gym,membership,1
good,understand,1
play,understand,1
house,understand,1
hand,understand,1
hide,understand,1
grow,understand,1
home,understand,1
rap,throw,1
hand,throw,1
hide,throw,1
understand,throw,1
hand,rock,1
hide,rock,1
understand,rock,1
throw,rock,1
hand,law,1
boy,law,1
hide,law,1
understand,law,1
throw,law,1
rock,law,1
ashamed,wit,1
ashamed,treat,1
wit,treat,1
ashamed,mom,1
wit,mom,1
treat,mom,1
lose,percent,1
lose,comprehend,1
percent,comprehend,1
lose,ninety-five,1
percent,ninety-five,1
comprehend,ninety-five,1
proud,strength,1
daddy,lotta,1
real,lotta,1
daddy,superstar,1
real,superstar,1
lotta,superstar,1
king,carry,1
play,eighteen,1
understand,eighteen,1
heavy,sandra,1
listen,sandra,1
dear,sandra,1
hope,habit,1
son,habit,1
hope,undermine,1
son,undermine,1
habit,undermine,1
hurt,girl,1
inside,girl,1
dear,girl,1
hurt,climate,1
inside,climate,1
girl,climate,1
feel,alignment,1
woman,alignment,1
hope,emotion,1
hope,blind,1
emotion,blind,1
master,dennis,1
manipulator,dennis,1
raise,dennis,1
person,dennis,1
dear,dennis,1
master,birth,1
manipulator,birth,1
dear,birth,1
dennis,birth,1
prove,huge,1
prove,favor,1
huge,favor,1
problem,gamble,1
blame,gamble,1
blame,addiction,1
gamble,addiction,1
play,psychopath,1
play,intuition,1
psychopath,intuition,1
play,victim,1
call,victim,1
inside,victim,1
home,victim,1
psychopath,victim,1
intuition,victim,1
raise,horrible,1
person,horrible,1
dennis,horrible,1
raise,nerve,1
person,nerve,1
dennis,nerve,1
horrible,nerve,1
daddy,sit,1
heavy,sit,1
listen,sit,1
sandra,sit,1
die,sick,1
son,sick,1
die,thought,1
son,thought,1
sick,thought,1
life,weinstein,1
good,cell,1
life,cell,1
weinstein,cell,1
life,rest,1
weinstein,rest,1
cell,rest,1
hate,hypersexualizes,1
woman,hypersexualizes,1
black,hypersexualizes,1
hate,kink,1
woman,kink,1
black,kink,1
hypersexualizes,kink,1
hate,nympho,1
woman,nympho,1
black,nympho,1
hypersexualizes,nympho,1
kink,nympho,1
hate,fetish,1
woman,fetish,1
black,fetish,1
hypersexualizes,fetish,1
kink,fetish,1
nympho,fetish,1
good,facial,1
grow,facial,1
understand,facial,1
good,hair,1
grow,hair,1
understand,hair,1
facial,hair,1
good,beard,1
grow,beard,1
understand,beard,1
facial,beard,1
hair,beard,1
good,fit,1
grow,fit,1
understand,fit,1
facial,fit,1
hair,fit,1
beard,fit,1
pay,sex,1
pop,sex,1
deserve,sex,1
sex,offender,1
sex,ho-vo,1
offender,ho-vo,1
sex,monthly,1
offender,monthly,1
ho-vo,monthly,1
sex,allowance,1
offender,allowance,1
ho-vo,allowance,1
monthly,allowance,1
lie,daughter,1
son,daughter,1
raise,daughter,1
move,predator,1
raise,predator,1
daughter,predator,1
raise,lurk,1
daughter,lurk,1
predator,lurk,1
year,twelve,1
industry,twelve,1
lil,twelve,1
friend,secret,1
year,secret,1
industry,secret,1
lil,secret,1
twelve,secret,1
artist,weird,1
case,weird,1
artist,police,1
weird,police,1
call,streamline,1
inside,streamline,1
home,streamline,1
victim,streamline,1
call,tender,1
inside,tender,1
home,tender,1
victim,tender,1
streamline,tender,1
push,video,1
leak,video,1
push,agenda,1
leak,agenda,1
video,agenda,1
play,sister,1
music,sister,1
woman,sister,1
lil,sister,1
hide,sister,1
good,niece,1
sell,niece,1
good,weirdo,1
sell,weirdo,1
niece,weirdo,1
truth,katt,1
truth,williams,1
katt,williams,1
truth,mine,1
katt,mine,1
williams,mine,1
matter,embassy,1
matter,raid,1
embassy,raid,1
family,lebron,1
family,curry,1
lebron,curry,1
family,embody,1
love,embody,1
kid,embody,1
safe,pervert,1
family,pervert,1
shoot,pervert,1
life,pervert,1
lil,baby,1
hide,baby,1
dear,baby,1
girl,baby,1
inside,active,1
world,active,1
father,active,1
music,commit,1
live,narcissist,1
inside,narcissist,1
live,misogynist,1
inside,misogynist,1
narcissist,misogynist,1
play,song,1
live,song,1
inside,song,1
father,song,1
narcissist,song,1
misogynist,song,1
family,destroy,1
family,care,1
destroy,care,1
watch,table,1
teach,table,1
watch,freeze,1
teach,freeze,1
table,freeze,1
birthday,sing,1
birthday,poem,1
sing,poem,1
pay,turk,1
pop,turk,1
deserve,turk,1
sex,turk,1
pay,percs,1
pop,percs,1
deserve,percs,1
sex,percs,1
turk,percs,1
love,brave,1
love,kind,1
brave,kind,1
world,gift,1
father,gift,1
world,change,1
father,change,1
gift,change,1
world,mind,1
father,mind,1
gift,mind,1
change,mind,1
life,future,1
call,future,1
child,future,1
inside,future,1
life,confusion,1
child,confusion,1
inside,confusion,1
future,confusion,1
money,illusion,1
life,illusion,1
father,prolly,1
father,claim,1
prolly,claim,1
history,repeat,1
morale,reason,1
history,reason,1
repeat,reason,1
child,fault,1
hide,fault,1
morale,grace,1
reason,grace,1
baby,cope,1
hope,late,1
baby,late,1
cope,late,1
hope,confidence,1
late,confidence,1
hear,chase,1
fail,chase,1
hear,behavior,1
fail,behavior,1
chase,behavior,1
daddy,club,1
call,club,1
sit,club,1
future,club,1
daddy,sugar,1
sit,sugar,1
club,sugar,1
daddy,validation,1
sit,validation,1
club,validation,1
sugar,validation,1
love,eternity,1
love,trump,1
eternity,trump,1
love,pain,1
eternity,pain,1
trump,pain,1
play,rain,1
father,rain,1
song,rain,1
superstar,hitmaker,1
superstar,songwriter,1
hitmaker,songwriter,1
life,deadbeat,1
meet,grahams,1
crash,party,1
play,party,1
hate,truthfully,1
hate,bone,1
truthfully,bone,1
hate,body,1
hide,body,1
baby,body,1
truthfully,body,1
bone,body,1
good,suppose,1
game,suppose,1
good,exhibition,1
game,exhibition,1
suppose,exhibition,1
family,moment,1
call,moment,1
fit,moment,1
low,stoop,1
people,stoop,1
low,discredit,1
people,discredit,1
stoop,discredit,1
low,decent,1
people,decent,1
stoop,decent,1
discredit,decent,1
lose,metaphor,1
guess,metaphor,1
integrity,metaphor,1
reach,metaphor,1
show,thirty-seven,1
show,seven-year-old,1
thirty-seven,seven-year-old,1
problem,drink,1
gamble,drink,1
problem,pill-popping,1
gamble,pill-popping,1
drink,pill-popping,1
problem,spend,1
gamble,spend,1
drink,spend,1
pill-popping,spend,1
money,whorehouse,1
bad,whorehouse,1
problem,solicit,1
woman,solicit,1
start,solicit,1
problem,therapy,1
woman,therapy,1
start,therapy,1
solicit,therapy,1
problem,lovely,1
woman,lovely,1
start,lovely,1
solicit,lovely,1
therapy,lovely,1
suggest,ayahuasca,1
suggest,strip,1
ayahuasca,strip,1
suggest,ego,1
ayahuasca,ego,1
strip,ego,1
suggest,bottom,1
ayahuasca,bottom,1
strip,bottom,1
ego,bottom,1
bad,crave,1
puzzle,crave,1
bad,entitlement,1
puzzle,entitlement,1
crave,entitlement,1
fit,dominance,1
moment,dominance,1
fit,recap,1
moment,recap,1
dominance,recap,1
friend,handshake,1
secret,handshake,1
culture,cachet,1
culture,binge,1
cachet,binge,1
pac,disrespect,1
culture,disrespect,1
cachet,disrespect,1
binge,disrespect,1
culture,mother,1
cachet,mother,1
binge,mother,1
disrespect,mother,1
family,identity,1
love,identity,1
family,fence,1
love,fence,1
identity,fence,1
live,skin,1
compromise,skin,1
live,persona,1
compromise,persona,1
skin,persona,1
stand,channel,1
woman,channel,1
stand,masculine,1
woman,masculine,1
channel,masculine,1
hide,shamer,1
baby,shamer,1
body,shamer,1
hate,mama,1
raise,mama,1
industry,mama,1
hide,mama,1
baby,mama,1
body,mama,1
shamer,mama,1
raise,embarrass,1
mama,embarrass,1
mask,achievement,1
lie,religious,1
lie,view,1
religious,view,1
lie,surgery,1
religious,surgery,1
view,surgery,1
lie,past,1
accent,past,1
lie,tense,1
accent,tense,1
past,tense,1
lie,perjury,1
accent,perjury,1
past,perjury,1
tense,perjury,1
lie,ghostwriters,1
lie,crow,1
ghostwriters,crow,1
lie,member,1
ghostwriters,member,1
crow,member,1
lie,pussy,1
ovo,pussy,1
artist,offer,1
lie,offer,1
rap,long,1
life,long,1
battle,long,1
psst,dead,1
people,dead,1
rap,deebo,1
throw,deebo,1
rap,free,1
throw,free,1
deebo,free,1
bro,amberlamps,1
call,amberlamps,1
bro,breathe,1
call,breathe,1
amberlamps,breathe,1
walk,nail,1
walk,cross,1
nail,cross,1
walk,teezo,1
nail,teezo,1
cross,teezo,1
good,compton,1
famous,compton,1
jabroni-ass,compton,1
ovo,option,1
pussy,option,1
opps,option,1
body,finna,1
music,pass,1
body,pass,1
finna,pass,1
body,john,1
finna,john,1
pass,john,1
body,stockton,1
finna,stockton,1
pass,stockton,1
john,stockton,1
watch,bible,1
god,bible,1
beat,bible,1
hide,bible,1
boy,certify,1
certify,boogeyman,1
certify,score,1
boogeyman,score,1
death,pole,1
bully,pole,1
death,extort,1
bully,extort,1
pole,extort,1
death,row,1
bully,row,1
pole,row,1
extort,row,1
hear,young,1
drake,young,1
good,block,1
cell,block,1
chubbs,hand-me-downs,1
play,nose,1
party,nose,1
case,baka,1
weird,baka,1
boy,lover,1
certify,lover,1
boy,pedophile,1
certify,pedophile,1
lover,pedophile,1
tire,troll,1
strike,chord,1
strike,minor,1
chord,minor,1
pac,bay,1
disrespect,bay,1
show,oakland,1
stop,oakland,1
cole,foui,1
cole,pretend,1
foui,pretend,1
owl,bird,1
audience,dumb,1
story,shape,1
drake,shape,1
story,slow,1
drake,slow,1
shape,slow,1
deep,rabbit,1
deep,hole,1
rabbit,hole,1
deep,promise,1
rabbit,promise,1
hole,promise,1
stand,b-rad,1
stand,malibu,1
b-rad,malibu,1
boy,ball,1
law,ball,1
boy,fetch,1
law,fetch,1
ball,fetch,1
boy,gatorade,1
law,gatorade,1
ball,gatorade,1
fetch,gatorade,1
jump,2009,1
wedgie,flip,1
wedgie,boxer,1
flip,boxer,1
ovo,vaginal,1
pussy,vaginal,1
option,vaginal,1
good,straighten,1
famous,straighten,1
compton,straighten,1
good,posture,1
famous,posture,1
compton,posture,1
straighten,posture,1
pop,doctorate,1
write,doctorate,1
star,doctorate,1
hide,doctorate,1
pop,quit,1
write,quit,1
star,quit,1
hide,quit,1
doctorate,quit,1
caption,action,1
caption,accident,1
action,accident,1
hands-on,polish,1
girl,wayne,1
girl,jail,1
wayne,jail,1
girl,connive,1
wayne,connive,1
jail,connive,1
face,apologize,1
tatted,apologize,1
deserve,glad,1
home,glad,1
deserve,deroz,1
home,deroz,1
glad,deroz,1
good,alondra,1
speak,alondra,1
good,central,1
speak,central,1
alondra,central,1
good,serena,1
speak,serena,1
alondra,serena,1
central,serena,1
move,homeboy,1
predator,homeboy,1
move,subpoena,1
predator,subpoena,1
homeboy,subpoena,1
move,flock,1
predator,flock,1
homeboy,flock,1
subpoena,flock,1
watch,register,1
watch,place,1
register,place,1
watch,neighborhood,1
register,neighborhood,1
place,neighborhood,1
line,lean,1
line,wock,1
lean,wock,1
pac,send,1
eye,send,1
drop,label,1
wrong,label,1
music,sweet,1
pass,sweet,1
music,chin,1
pass,chin,1
sweet,chin,1
music,aux,1
pass,aux,1
sweet,aux,1
chin,aux,1
lie,devil,1
god,devil,1
stay,freaky-ass,1
inside,freaky-ass,1
pack,roll,1
pack,fresh,1
roll,fresh,1
double,slave,1
homie,slave,1
call,slave,1
check,atlanta,1
atlanta,mecca,1
atlanta,build,1
mecca,build,1
atlanta,railroad,1
mecca,railroad,1
build,railroad,1
atlanta,train,1
mecca,train,1
build,train,1
railroad,train,1
game,bear,1
settler,townfolk,1
settler,rich,1
townfolk,rich,1
fast-forward,2024,1
fast-forward,agendum,1
2024,agendum,1
check,balance,1
run,balance,1
atlanta,balance,1
real,break,1
challenge,break,1
lil,lingo,1
baby,lingo,1
street,false,1
street,cred,1
false,cred,1
feel,thug,1
head,thug,1
feel,slime,1
head,slime,1
thug,slime,1
quavo,northside,1
good,chainz,1
lie,chainz,1
run,dollar,1
atlanta,dollar,1
colleague,colonizer,1
liar,plan,1
show,plan,1
god,plan,1
